{"cameraMode":{"drawMode":0,"name":"Shaded","section":"Shading Mode"},"sceneLighting":false,"audioPlay":false,"sceneViewState":{"m_AlwaysRefresh":false,"showFog":true,"showSkybox":false,"showFlares":true,"showImageEffects":true,"showParticleSystems":true,"showVisualEffectGraphs":true,"m_FxEnabled":true},"in2DMode":false,"pivot":{"x":-0.785487174987793,"y":0.22748076915740968,"z":-1.5206400156021119},"rotation":{"x":0.06636301428079605,"y":0.7660259008407593,"z":-0.08155126124620438,"w":0.6344781517982483},"size":0.07135151326656342,"orthographic":false}