{"cameraMode":{"drawMode":0,"name":"Shaded","section":"Shading Mode"},"sceneLighting":false,"audioPlay":false,"sceneViewState":{"m_AlwaysRefresh":false,"showFog":true,"showSkybox":false,"showFlares":true,"showImageEffects":true,"showParticleSystems":true,"showVisualEffectGraphs":true,"m_FxEnabled":true},"in2DMode":false,"pivot":{"x":1.7202612161636353,"y":4.4055657386779789,"z":0.19728082418441773},"rotation":{"x":0.11035265028476715,"y":-0.8758538365364075,"z":0.23525948822498322,"w":0.407194048166275},"size":0.3180214762687683,"orthographic":false}