{"cameraMode":{"drawMode":0,"name":"Shaded","section":"Shading Mode"},"sceneLighting":false,"audioPlay":false,"sceneViewState":{"m_AlwaysRefresh":false,"showFog":true,"showSkybox":false,"showFlares":true,"showImageEffects":true,"showParticleSystems":true,"showVisualEffectGraphs":true,"m_FxEnabled":true},"in2DMode":false,"pivot":{"x":6.808719158172607,"y":-0.1896938681602478,"z":-0.3800954818725586},"rotation":{"x":0.00104116543661803,"y":-0.9954478144645691,"z":0.0949634313583374,"w":0.010741029866039753},"size":1.907036304473877,"orthographic":false}