{"cameraMode":{"drawMode":0,"name":"Shaded","section":"Shading Mode"},"sceneLighting":false,"audioPlay":false,"sceneViewState":{"m_AlwaysRefresh":false,"showFog":true,"showSkybox":false,"showFlares":true,"showImageEffects":true,"showParticleSystems":true,"showVisualEffectGraphs":true,"m_FxEnabled":true},"in2DMode":false,"pivot":{"x":-0.5598242282867432,"y":0.268726110458374,"z":1.023675560951233},"rotation":{"x":0.24343232810497285,"y":0.43426230549812319,"z":-0.12315178662538529,"w":0.8584986925125122},"size":0.3180214762687683,"orthographic":false}